Ticker,Name,Price,Volume,MarketCap,ticker,transactions,market_cap,dollar_volume,date,rank_dollar_volume,rank_trading_volume,rank_transactions,todays_change_perc,rank_change_perc
TSLA,"Tesla, Inc.",451.12,57355588,1500343566336,TSLA,1842504.0,1500343566336,25874252858.56,2025-11-04,1,11,2,-4.623481435617147,10415.0
NVDA,NVIDIA Corporation,200.7599,116744210,4887901372416,NVDA,3053072.0,4887901372416,23437555925.178997,2025-11-04,2,1,1,-3.673627223511212,9956.0
PLTR,Palantir Technologies Inc.,192.61,88521573,456936882176,PLTR,1247812.0,456936882176,17050140175.53,2025-11-04,3,4,4,-8.596389612897,11400.0
META,"Meta Platforms, Inc.",632.47,17175345,1594158088192,META,1135837.0,1594158088192,10862890452.15,2025-11-04,4,67,5,-1.2748741591005308,7448.0
AMZN,"Amazon.com, Inc.",250.19,32023321,2674585239552,AMZN,1284846.0,2674585239552,8011914680.99,2025-11-04,5,30,3,-1.755905511811027,8271.0
AAPL,Apple Inc.,270.37,27178179,3995082424320,AAPL,731664.0,3995082424320,7348164256.2300005,2025-11-04,6,41,8,0.5091990336368721,1174.0
AMD,"Advanced Micro Devices, Inc.",253.1,21642333,410741735424,AMD,511091.0,410741735424,5477674482.3,2025-11-04,7,49,14,-3.0502599653379505,9548.0
MSFT,Microsoft Corporation,511.77,10501720,3803668021248,MSFT,684316.0,3803668021248,5374465244.4,2025-11-04,8,102,10,-1.2726534243660879,7441.0
GOOGL,Alphabet Inc.,278.56,15240930,3363507011584,GOOGL,655905.0,3363507011584,4245513460.8,2025-11-04,9,73,11,-2.3649725081065855,8947.0
AVGO,Broadcom Inc.,359.41,11228698,1697265221632,AVGO,402347.0,1697265221632,4035706348.1800003,2025-11-04,10,96,16,-1.2687905116535714,7432.0
UBER,"Uber Technologies, Inc.",93.8909,35025542,195801825280,UBER,280921.0,195801825280,3288579661.3678,2025-11-04,11,26,28,-5.791215403128766,10842.0
GOOG,Alphabet Inc.,279.1,10717044,3365282775040,GOOG,347232.0,3365282775040,2991126980.4,2025-11-04,12,99,20,-2.3018442911445938,8895.0
MU,"Micron Technology, Inc.",222.91,13228116,250208911360,MU,329247.0,250208911360,2948679337.56,2025-11-04,13,87,22,-5.372816361312307,10704.0
PFE,"Pfizer, Inc.",24.28,115779935,138045177856,PFE,275097.0,138045177856,2811136821.8,2025-11-04,14,2,29,-1.6666666666666723,8135.0
ORCL,Oracle Corporation,250.265,11000622,713453666304,ORCL,373542.0,713453666304,2753070664.83,2025-11-04,15,98,17,-3.153771572619753,9624.0
COIN,"Coinbase Global, Inc.",311.15,7838160,83899670528,COIN,244929.0,83899670528,2438843484.0,2025-11-04,16,126,32,-6.637007445069913,11091.0
IREN,IREN LIMITED,69.06,34809955,18782971904,IREN,947265.0,18782971904,2403975492.3,2025-11-04,17,27,6,-0.3099630996309871,4688.0
INTC,Intel Corporation,37.705,62600832,179702038528,INTC,324779.0,179702038528,2360364370.56,2025-11-04,18,9,23,-4.8987341772151956,10555.0
TSM,Taiwan Semiconductor Manufactur,298.97,7679738,1550614790144,TSM,283600.0,1550614790144,2296011269.86,2025-11-04,19,130,27,-2.466738830938796,9052.0
MSTR,Strategy Inc,251.76,8542030,72282480640,MSTR,250830.0,72282480640,2150541472.7999997,2025-11-04,20,122,30,-6.065553330562595,10938.0
HIMS,"Hims & Hers Health, Inc.",44.46,45023218,10048830464,HIMS,354823.0,10048830464,2001732272.28,2025-11-04,21,16,19,-1.46429375985582,7816.0
ETN,"Eaton Corporation, PLC",377.14,5285788,146820612096,ETN,87052.0,146820612096,1993482086.32,2025-11-04,22,205,131,-1.3322296091264136,7565.0
HOOD,"Robinhood Markets, Inc.",141.1059,14065446,125397295104,HOOD,246560.0,125397295104,1984717416.7313998,2025-11-04,23,79,31,-5.446015773728596,10731.0
UNH,UnitedHealth Group Incorporated,331.03,5203038,299859738624,UNH,355430.0,299859738624,1722361669.1399999,2025-11-04,24,211,18,-0.6695826717397206,5803.0
CRWV,"CoreWeave, Inc.",117.03,13323109,57941848064,CRWV,193001.0,57941848064,1559203446.27,2025-11-04,25,85,53,-8.391386953768205,11372.0
SHOP,Shopify Inc.,163.02,9386268,212354433024,SHOP,192285.0,212354433024,1530149409.3600001,2025-11-04,26,113,54,-6.701746270382794,11112.0
NBIS,Nebius Group N.V.,111.3404,13333129,27962136576,NBIS,222844.0,27962136576,1484515916.1116,2025-11-04,27,84,36,-9.085249439694525,11460.0
SNDK,Sandisk Corporation,199.6768,7413760,29233594368,SNDK,146160.0,29233594368,1480355872.768,2025-11-04,28,141,84,-5.144727307859514,10645.0
SOFI,"SoFi Technologies, Inc.",30.0095,47629391,36148531200,SOFI,317298.0,36148531200,1429334209.2145,2025-11-04,29,14,24,-3.2321253672869683,9680.0
BAC,Bank of America Corporation,53.445,25088540,390281887744,BAC,211734.0,390281887744,1340857020.3,2025-11-04,30,44,40,-0.13069454817027684,4064.0
BE,Bloom Energy Corporation,136.105,9003455,32190294016,BE,211991.0,32190294016,1225415242.7749999,2025-11-04,31,118,39,-5.622673316007583,10788.0
BABA,Alibaba Group Holding Limited,165.06,7315722,394574233600,BABA,150662.0,394574233600,1207533073.32,2025-11-04,32,145,80,-1.9082831415111148,8486.0
BMNR,"BitMine Immersion Technologies,",40.615,29251949,11564809216,BMNR,304265.0,11564809216,1188067908.635,2025-11-04,33,35,25,-6.871208586094261,11144.0
CIFR,Cipher Mining Inc.,22.745,51364636,8986369024,CIFR,744883.0,8986369024,1168288645.82,2025-11-04,34,13,7,-2.8119507908611623,9363.0
RGTI,"Rigetti Computing, Inc.",37.055,31272961,12011940864,RGTI,538535.0,12011940864,1158819569.855,2025-11-04,35,32,12,-6.173312883435581,10966.0
BA,Boeing Company (The),198.5446,5480798,150912860160,BA,130842.0,150912860160,1088182846.5908,2025-11-04,36,195,90,-3.3303837692495826,9744.0
RDDT,"Reddit, Inc.",190.58,5605387,36114104320,RDDT,142701.0,36114104320,1068274654.46,2025-11-04,37,191,86,-7.620255634696056,11285.0
NVO,Novo Nordisk A/S,48.29,21912537,213903835136,NVO,122161.0,213903835136,1058156411.73,2025-11-04,38,48,96,-1.8733455508043204,8440.0
VRT,"Vertiv Holdings, LLC",183.5839,5723482,70191153152,VRT,111450.0,70191153152,1050739147.1398,2025-11-04,39,185,105,-4.440961337513062,10324.0
T,AT&T Inc.,24.375,41723163,172805324800,T,198356.0,172805324800,1017002098.125,2025-11-04,40,18,47,-0.6726457399103248,5812.0
KMB,Kimberly-Clark Corporation,100.2,9764655,33252214784,KMB,470379.0,33252214784,978418431.0,2025-11-04,41,110,15,-2.1609465141292596,8750.0
APH,Amphenol Corporation,137.515,7025999,168326004736,APH,124512.0,168326004736,966180252.4849999,2025-11-04,42,153,94,-3.066054397739317,9561.0
C,"Citigroup, Inc.",101.04,9131905,180790870016,C,109957.0,180790870016,922687681.2,2025-11-04,43,116,109,-0.6889085719909486,5873.0
QCOM,QUALCOMM Incorporated,174.9,5225493,188717105152,QCOM,156886.0,188717105152,913938725.7,2025-11-04,44,210,73,-3.1595838866755246,9629.0
ZTS,Zoetis Inc.,125.015,7309725,55404584960,ZTS,58967.0,55404584960,913825270.875,2025-11-04,45,146,159,-13.463803255975055,11738.0
OKLO,Oklo Inc.,115.8616,7812695,17102238720,OKLO,214600.0,17102238720,905191343.012,2025-11-04,46,127,38,-10.357622167837691,11584.0
WFC,Wells Fargo & Company,86.99,10401209,273068965888,WFC,131861.0,273068965888,904801170.91,2025-11-04,47,104,89,-0.2749140893470732,4565.0
SBUX,Starbucks Corporation,78.18,10659759,88882839552,SBUX,147302.0,88882839552,833379958.6200001,2025-11-04,48,101,83,-3.2361660079051267,9681.0
PYPL,"PayPal Holdings, Inc.",66.145,12520729,61888696320,PYPL,172642.0,61888696320,828183619.7049999,2025-11-04,49,91,68,-3.28504536142816,9712.0
WDC,Western Digital Corporation,154.04,5165260,52666167296,WDC,179772.0,52666167296,795656650.4,2025-11-04,50,213,62,-3.138843184407042,9609.0
SMCI,"Super Micro Computer, Inc.",47.91,16369691,28471631872,SMCI,218281.0,28471631872,784271895.81,2025-11-04,51,69,37,-6.0591133004926165,10937.0
VZ,Verizon Communications Inc.,39.19,19891178,165241700352,VZ,208752.0,165241700352,779535265.8199999,2025-11-04,52,56,42,-0.6207246009627501,5671.0
NCLH,Norwegian Cruise Line Holdings ,18.875,39947182,8592861184,NCLH,124419.0,8592861184,754003060.25,2025-11-04,53,19,95,-14.453110910730388,11759.0
CRCL,"Circle Internet Group, Inc.",110.91,6579946,27770750976,CRCL,184884.0,27770750976,729781810.86,2025-11-04,54,162,59,-6.244697098252163,10980.0
HTZ,"Hertz Global Holdings, Inc",6.8601,105693111,2132024192,HTZ,48328.0,2132024192,725065310.7711,2025-11-04,55,3,175,39.35222672064777,8.0
IONQ,"IonQ, Inc.",54.4645,13235584,18922496000,IONQ,519330.0,18922496000,720869464.768,2025-11-04,56,86,13,-8.013698630136986,11334.0
QBTS,D-Wave Quantum Inc.,30.847,23018984,10550239232,QBTS,339845.0,10550239232,710066599.4480001,2025-11-04,57,45,21,-7.887579329102456,11319.0
WMT,Walmart Inc.,102.175,6669147,814626111488,WMT,235898.0,814626111488,681420094.725,2025-11-04,58,158,34,0.492174426616793,1192.0
CSCO,"Cisco Systems, Inc.",72.7697,9226481,286765383680,CSCO,189135.0,286765383680,671408254.4257,2025-11-04,59,115,56,-2.1155137676292854,8719.0
APLD,Applied Digital Corporation,31.57,20986875,8829683712,APLD,198062.0,8829683712,662555643.75,2025-11-04,60,50,48,-6.7234560389412765,11120.0
CCL,Carnival Corporation,26.09,25377276,34260049920,CCL,116004.0,34260049920,662093130.84,2025-11-04,61,43,101,-9.091257401602226,11464.0
KVUE,Kenvue Inc.,16.2601,38404875,31151132672,KVUE,709852.0,31151132672,624467107.9875001,2025-11-04,62,23,9,0.4646840148698841,1229.0
MARA,"MARA Holdings, Inc.",16.94,35823467,6275556864,MARA,178284.0,6275556864,606849530.98,2025-11-04,63,25,63,-5.895564289724859,10875.0
FI,"Fiserv, Inc.",64.085,9421194,34468237312,FI,208072.0,34468237312,603757217.4899999,2025-11-04,64,112,43,-1.5198035001535075,7902.0
F,Ford Motor Company,12.815,46239287,51061350400,F,127748.0,51061350400,592556462.905,2025-11-04,65,15,92,-1.6779400461183651,8153.0
ETNB,"89bio, Inc.",14.84,39232756,2203627776,ETNB,0.0,2203627776,582214099.04,2025-11-04,66,22,218,,
CMG,"Chipotle Mexican Grill, Inc.",31.8,18250203,42048438272,CMG,197742.0,42048438272,580356455.4,2025-11-04,67,60,49,0.9758806728022769,873.0
MTSR,"Metsera, Inc.",73.42,7803811,7726434816,MTSR,33830.0,7726434816,572955803.62,2025-11-04,68,128,197,20.220648773258702,33.0
RBLX,Roblox Corporation,104.0101,5449518,73007341568,RBLX,206484.0,73007341568,566804912.1317999,2025-11-04,69,198,44,-3.5667843210105925,9884.0
CMCSA,Comcast Corporation,27.235,20752309,99241467904,CMCSA,174146.0,99241467904,565189135.615,2025-11-04,70,52,66,1.03780578206079,848.0
MRVL,"Marvell Technology, Inc.",89.17,6166482,76873449472,MRVL,197203.0,76873449472,549865199.94,2025-11-04,71,175,50,-1.7594334403009886,8276.0
SOUN,"SoundHound AI, Inc.",15.515,34617685,6325253120,SOUN,156882.0,6325253120,537093382.775,2025-11-04,72,28,74,-10.900058445353595,11621.0
RKLB,Rocket Lab Corporation,58.19,9082707,28161671168,RKLB,182541.0,28161671168,528522720.33,2025-11-04,73,117,60,-6.928594717965438,11152.0
HUT,Hut 8 Corp.,51.01,9938266,5382979584,HUT,156038.0,5382979584,506950948.65999997,2025-11-04,74,108,75,-10.363636363636369,11585.0
KO,Coca-Cola Company (The),68.2199,7339424,293455331328,KO,290712.0,293455331328,500694771.3376,2025-11-04,75,143,26,0.48035898190377485,1209.0
AAL,"American Airlines Group, Inc.",12.605,39486659,8320389632,AAL,96390.0,8320389632,497729336.695,2025-11-04,76,20,122,-5.963268365817095,10905.0
MRK,"Merck & Company, Inc.",83.45,5931520,208440000512,MRK,150987.0,208440000512,494985344.0,2025-11-04,77,179,79,0.9334464783610259,901.0
NKE,"Nike, Inc.",61.205,7767187,90473316352,NKE,197199.0,90473316352,475390680.335,2025-11-04,78,129,51,-2.170790103750997,8763.0
WBD,"Warner Bros. Discovery, Inc. - ",22.175,20690320,54900244480,WBD,120734.0,54900244480,458807846.0,2025-11-04,79,53,97,-0.7851054284432514,6161.0
DXCM,"DexCom, Inc.",61.36,7328273,23931398144,DXCM,174628.0,23931398144,449662831.28,2025-11-04,80,144,65,1.489326493463509,662.0
ONDS,Ondas Holdings Inc.,6.2458,71753411,2301263872,ONDS,172984.0,2301263872,448157454.4238,2025-11-04,81,6,67,-0.42764227642276403,5065.0
WULF,TeraWulf Inc.,15.62,28618862,6406593536,WULF,237023.0,6406593536,447026624.44,2025-11-04,82,37,33,-4.689440993788825,10449.0
ACHR,Archer Aviation Inc.,9.84,44035215,6369941504,ACHR,145228.0,6369941504,433306515.59999996,2025-11-04,83,17,85,-6.144913627639155,10963.0
VALE,VALE S.A.,11.895,35905420,50777141248,VALE,55692.0,50777141248,427094970.9,2025-11-04,84,24,164,-2.58196721311475,9154.0
ASTS,"AST SpaceMobile, Inc.",71.19,5963326,26106697728,ASTS,161716.0,26106697728,424529177.94,2025-11-04,85,178,72,-1.6093892754234256,8050.0
HPE,Hewlett Packard Enterprise Comp,23.7982,17821555,31400538112,HPE,99901.0,31400538112,424120930.20100003,2025-11-04,86,63,118,-3.2857142857142847,9713.0
EXAS,Exact Sciences Corporation,69.0299,6141238,13068679168,EXAS,84004.0,13068679168,423929045.0162,2025-11-04,87,176,134,2.299193789190791,476.0
MP,MP Materials Corp.,55.7,7453371,9864376320,MP,202517.0,9864376320,415152764.70000005,2025-11-04,88,139,46,-4.023586541796728,10126.0
O,Realty Income Corporation,56.17,7339504,51356573696,O,107218.0,51356573696,412259939.68,2025-11-04,89,142,111,-3.4278350515463996,9799.0
WMB,"Williams Companies, Inc. (The)",57.1,7197038,69729230848,WMB,114354.0,69729230848,410950869.8,2025-11-04,90,150,104,-3.218702354734878,9670.0
RNA,"Avidity Biosciences, Inc.",69.825,5865258,10258035712,RNA,34364.0,10258035712,409541639.85,2025-11-04,91,181,196,0.05014326647563982,2234.0
GRAB,Grab Holdings Limited,5.6285,71945328,22944946176,GRAB,103668.0,22944946176,404944278.648,2025-11-04,92,5,114,-7.331136738056017,11234.0
DD,"DuPont de Nemours, Inc.",37.276,10698075,15608083456,DD,137292.0,15608083456,398781443.70000005,2025-11-04,93,100,87,8.186797347938898,142.0
OPEN,Opendoor Technologies Inc,7.0699,56320478,5246711296,OPEN,133981.0,5246711296,398180147.4122,2025-11-04,94,12,88,-7.180500658761528,11206.0
RKT,"Rocket Companies, Inc.",16.6801,22506648,46960197632,RKT,149718.0,46960197632,375413139.3048,2025-11-04,95,47,81,-1.4209591474245231,7751.0
SLB,SLB Limited,36.07,10406874,53885825024,SLB,127555.0,53885825024,375375945.18,2025-11-04,96,103,93,-2.8768233387358313,9421.0
DKNG,DraftKings Inc.,28.75,13027978,14273514496,DKNG,110630.0,14273514496,374554367.5,2025-11-04,97,89,108,-5.889106967615309,10872.0
SMR,NuScale Power Corporation,37.4057,9865887,5008375296,SMR,192158.0,5008375296,369040409.35590005,2025-11-04,98,109,55,-9.774675483712954,11539.0
UUUU,Energy Fuels Inc,17.09,20881423,3942234368,UUUU,228494.0,3942234368,356863519.07,2025-11-04,99,51,35,-4.769662921348315,10492.0
RIVN,"Rivian Automotive, Inc.",12.6,28131084,15289268224,RIVN,106051.0,15289268224,354451658.4,2025-11-04,100,38,113,-4.814253222137982,10517.0
RIOT,"Riot Platforms, Inc.",19.905,17323115,7400822784,RIOT,204027.0,7400822784,344816604.07500005,2025-11-04,101,66,45,-5.719111969111963,10818.0
BMY,Bristol-Myers Squibb Company,45.625,7518424,92881231872,BMY,128820.0,92881231872,343028095.0,2025-11-04,102,137,91,-0.8583224684919668,6365.0
CTRA,Coterra Energy Inc.,25.545,12706685,19494410240,CTRA,98299.0,19494410240,324592268.32500005,2025-11-04,103,90,119,3.9155391553915466,304.0
CLSK,"CleanSpark, Inc.",16.87,19202183,5026177024,CLSK,177938.0,5026177024,323940827.21000004,2025-11-04,104,58,64,-4.649827784156154,10426.0
DAL,"Delta Air Lines, Inc.",55.335,5814423,36131692544,DAL,85643.0,36131692544,321741096.705,2025-11-04,105,182,132,-5.69230769230769,10808.0
MDLZ,"Mondelez International, Inc.",56.145,5475858,72447180800,MDLZ,101960.0,72447180800,307442047.41,2025-11-04,106,196,115,-0.8120035304501338,6248.0
NVTS,Navitas Semiconductor Corporati,10.73,27636542,2286640896,NVTS,188307.0,2286640896,296540095.66,2025-11-04,107,39,57,-12.775510204081627,11707.0
JOBY,"Joby Aviation, Inc.",14.8799,19878070,13258831872,JOBY,186839.0,13258831872,295783693.793,2025-11-04,108,57,58,-9.712009803921575,11531.0
PCG,Pacific Gas & Electric Co.,16.1101,17754288,35408556032,PCG,64240.0,35408556032,286023355.1088,2025-11-04,109,64,154,0.974230043997493,876.0
QS,QuantumScape Corporation,15.489,18312330,9313693696,QS,194786.0,9313693696,283639679.37,2025-11-04,110,59,52,-5.336212214682297,10694.0
CDE,"Coeur Mining, Inc.",13.905,20030972,8936962048,CDE,182356.0,8936962048,278530665.65999997,2025-11-04,111,55,61,-8.817701453104366,11428.0
TFC,Truist Financial Corporation,43.735,6294785,55947837440,TFC,88753.0,55947837440,275302421.975,2025-11-04,112,171,129,-1.085707824513795,6985.0
RF,Regions Financial Corporation,24.1345,11326536,21535416320,RF,65154.0,21535416320,273360283.092,2025-11-04,113,95,153,-0.5024752475247393,5305.0
ON,ON Semiconductor Corporation,48.25,5648684,19732994048,ON,208840.0,19732994048,272549003.0,2025-11-04,114,188,41,-4.657154181529927,10431.0
BP,BP p.l.c.,35.42,7474156,90791976960,BP,44679.0,90791976960,264734605.52,2025-11-04,115,138,179,1.5342701462575385,643.0
FCX,"Freeport-McMoRan, Inc.",39.64,6602422,56914083840,FCX,115561.0,56914083840,261720008.08,2025-11-04,116,161,102,-4.310344827586204,10267.0
PATH,"UiPath, Inc.",14.245,17975011,7564403200,PATH,116814.0,7564403200,256054031.695,2025-11-04,117,61,100,-10.40390674228103,11589.0
EXC,Exelon Corporation,46.245,5533601,46706860032,EXC,78111.0,46706860032,255901378.24499997,2025-11-04,118,194,140,-0.07575757575758375,3839.0
U,Unity Software Inc.,35.22,7129757,14881080320,U,111153.0,14881080320,251110041.54,2025-11-04,119,152,106,-6.471371504660453,11047.0
LUMN,"Lumen Technologies, Inc.",10.91,22878850,11189772288,LUMN,154908.0,11189772288,249608253.5,2025-11-04,120,46,77,-9.551986475063405,11516.0
QUBT,Quantum Computing Inc.,14.0425,17554986,3144598784,QUBT,164214.0,3144598784,246515890.905,2025-11-04,121,65,70,-10.013003901170357,11564.0
BITF,Bitfarms Ltd.,3.945,62271033,2191015424,BITF,155360.0,2191015424,245659225.185,2025-11-04,122,10,76,-5.812652068126523,10846.0
KHC,The Kraft Heinz Company,24.17,10068938,28608954368,KHC,93552.0,28608954368,243366231.46,2025-11-04,123,107,125,-0.4726674886970754,5199.0
NU,Nu Holdings Ltd.,15.8691,15233727,76685115392,NU,80583.0,76685115392,241745537.1357,2025-11-04,124,74,137,-1.8908865468071898,8464.0
JD,"JD.com, Inc.",32.095,7444669,46479765504,JD,53561.0,46479765504,238936651.55499998,2025-11-04,125,140,168,-2.3337400854179395,8924.0
BBAI,"BigBear.ai, Inc.",5.915,39311503,2582009600,BBAI,153956.0,2582009600,232527540.245,2025-11-04,126,21,78,-7.142857142857145,11200.0
B,Barrick Mining Corporation,31.875,7154526,54508175360,B,68802.0,54508175360,228050516.25,2025-11-04,127,151,149,-4.022988505747132,10125.0
PINS,"Pinterest, Inc.",33.17,6569384,22553266176,PINS,110821.0,22553266176,217906467.28,2025-11-04,128,163,107,-2.314540059347184,8907.0
NIO,NIO Inc.,7.2942,29803299,17736656896,NIO,94502.0,17736656896,217391223.5658,2025-11-04,129,34,124,-2.2911051212937994,8886.0
OWL,Blue Owl Capital Inc.,15.655,13853050,24257480704,OWL,76292.0,24257480704,216869497.75,2025-11-04,130,82,141,-3.5891089108910896,9896.0
FITB,Fifth Third Bancorp,41.925,5156569,27711291392,FITB,57784.0,27711291392,216189155.325,2025-11-04,131,215,160,0.8668432458463746,936.0
NOK,Nokia Corporation Sponsored,6.83,31474338,36739219456,NOK,84882.0,36739219456,214969728.54,2025-11-04,132,31,133,-4.755244755244766,10487.0
SNAP,Snap Inc.,7.588,27335077,12822449152,SNAP,100197.0,12822449152,207418564.276,2025-11-04,133,40,117,-3.388746803069061,9779.0
GLXY,Galaxy Digital Inc.,32.37,6323678,13073628160,GLXY,63318.0,13073628160,204697456.85999998,2025-11-04,134,169,155,-8.887614678899086,11440.0
CSX,CSX Corporation,35.695,5662423,66468978688,CSX,91696.0,66468978688,202120188.985,2025-11-04,135,186,127,-0.2651409433435637,4527.0
KDP,Keurig Dr Pepper Inc.,26.505,7536757,36009246720,KDP,100386.0,36009246720,199761744.285,2025-11-04,136,136,116,-0.5442942942942927,5419.0
NGD,New Gold Inc.,6.6802,29828417,5302164480,NGD,166317.0,5302164480,199259791.2434,2025-11-04,137,33,69,-8.859890109890117,11436.0
CNC,Centene Corporation,35.615,5546911,17505415168,CNC,87793.0,17505415168,197553235.26500002,2025-11-04,138,193,130,3.3623188405797007,342.0
KMI,"Kinder Morgan, Inc.",26.07,7569289,57999499264,KMI,72760.0,57999499264,197331364.23,2025-11-04,139,134,145,-0.2875766871165617,4607.0
TOST,"Toast, Inc.",35.765,5299841,20850995200,TOST,89552.0,20850995200,189548813.365,2025-11-04,140,204,128,-0.15397536394176853,4133.0
DNN,Denison Mines Corp,2.7851,67058928,2507418368,DNN,63229.0,2507418368,186765820.3728,2025-11-04,141,7,156,-5.993150684931501,10915.0
AGNC,AGNC Investment Corp.,10.17,17963301,10909603840,AGNC,47669.0,10909603840,182686771.17,2025-11-04,142,62,176,0.6975124378109457,1052.0
MRNA,"Moderna, Inc.",23.95,7562371,9354409984,MRNA,149127.0,9354409984,181118785.45,2025-11-04,143,135,82,-3.8739462063428336,10051.0
HBAN,Huntington Bancshares Incorpora,15.32,11802127,23979919360,HBAN,68685.0,23979919360,180808585.64000002,2025-11-04,144,93,150,-0.4229017566688322,5049.0
PLUG,"Plug Power, Inc.",2.61,66273845,3039959040,PLUG,119878.0,3039959040,172974735.45,2025-11-04,145,8,99,-5.818181818181823,10848.0
LYFT,"Lyft, Inc.",19.875,8611159,8078024704,LYFT,107415.0,8078024704,171146785.125,2025-11-04,146,121,110,-5.178997613365159,10651.0
ENPH,"Enphase Energy, Inc.",29.53,5729728,3864287488,ENPH,80810.0,3864287488,169198867.84,2025-11-04,147,184,136,-0.03388681802779248,3688.0
CLF,Cleveland-Cliffs Inc.,10.835,15554722,6172780544,CLF,114361.0,6172780544,168535412.87,2025-11-04,148,72,103,-8.635214827295693,11404.0
CORZ,"Core Scientific, Inc.",21.955,7660945,6807395840,CORZ,164012.0,6807395840,168196047.475,2025-11-04,149,131,71,-5.6768558951964945,10802.0
PBR,Petroleo Brasileiro S.A. Petrob,11.815,14065705,73606381568,PBR,50223.0,73606381568,166186304.575,2025-11-04,150,78,172,-0.21150592216582365,4351.0
CPNG,"Coupang, Inc.",31.775,5160504,57927897088,CPNG,74758.0,57927897088,163975014.6,2025-11-04,151,214,143,-0.969355847404624,6664.0
AG,First Majestic Silver Corp.,11.695,13999530,5744265216,AG,44247.0,5744265216,163724503.35,2025-11-04,152,80,181,-6.829073482428119,11138.0
BULL,Webull Corporation,9.695,16741547,4794146816,BULL,72005.0,4794146816,162309298.165,2025-11-04,153,68,146,-6.714975845410631,11117.0
EOSE,"Eos Energy Enterprises, Inc.",14.67,10342072,4096104448,EOSE,120514.0,4096104448,151718196.24,2025-11-04,154,106,98,-7.970550576184375,11330.0
RXRX,"Recursion Pharmaceuticals, Inc.",5.1182,28933896,2234342656,RXRX,97316.0,2234342656,148089466.5072,2025-11-04,155,36,121,-6.525735294117655,11069.0
ELAN,Elanco Animal Health Incorporat,22.67,6461113,11262766080,ELAN,56299.0,11262766080,146473431.71,2025-11-04,156,164,162,-1.2691466083151102,7434.0
KEY,KeyCorp,17.35,8407722,19309719552,KEY,52490.0,19309719552,145873976.70000002,2025-11-04,157,124,170,-1.1402508551881374,7130.0
DOW,Dow Inc.,22.875,6351758,16258803712,DOW,93194.0,16258803712,145296464.25,2025-11-04,158,168,126,-1.743435213086531,8254.0
HAL,Halliburton Company,27.015,5258468,22736543744,HAL,74238.0,22736543744,142057513.02,2025-11-04,159,208,144,-0.9381898454746099,6572.0
HPQ,HP Inc.,26.295,5150349,24577984512,HPQ,76221.0,24577984512,135428426.955,2025-11-04,160,216,142,-2.9803776379118965,9490.0
ROIV,Roivant Sciences Ltd.,19.65,6638612,13418626048,ROIV,49772.0,13418626048,130448725.8,2025-11-04,161,160,173,-0.17857142857142927,4216.0
BTG,B2Gold Corp,4.035,32315620,5349772800,BTG,66537.0,5349772800,130393526.7,2025-11-04,162,29,151,-5.294117647058815,10673.0
CCCS,CCC Intelligent Solutions Holdi,8.75,14777907,5617671680,CCCS,0.0,5617671680,129306686.25,2025-11-04,163,75,218,,
AMCR,Amcor plc,7.9201,15935202,18282442752,AMCR,54713.0,18282442752,126208393.36019999,2025-11-04,164,70,165,0.8905852417302722,920.0
CZR,"Caesars Entertainment, Inc.",19.91,6283844,4063789056,CZR,83299.0,4063789056,125111334.04,2025-11-04,165,172,135,-2.5427872860635676,9124.0
KGC,Kinross Gold Corporation,22.74,5336702,27800186880,KGC,44349.0,27800186880,121356603.47999999,2025-11-04,166,203,180,-3.2051282051282057,9660.0
ET,Energy Transfer LP,16.6824,7268097,57265364992,ET,39341.0,57265364992,121249301.3928,2025-11-04,167,148,191,-1.1289364230540566,7092.0
PSLV,"""Sprott Physical Silver Trust""",15.6901,7658596,8706435072,PSLV,10047.0,8706435072,120164137.09959999,2025-11-04,168,132,217,-2.1888680425265767,8777.0
UPWK,Upwork Inc.,17.62,6719852,2336527872,UPWK,40725.0,2336527872,118403792.24000001,2025-11-04,169,157,188,12.111324376199608,82.0
COMP,"Compass, Inc.",8.475,13918545,4725163520,COMP,56171.0,4725163520,117959668.875,2025-11-04,170,81,163,8.933161953727499,129.0
HL,Hecla Mining Company,12.17,9604372,8153700864,HL,70027.0,8153700864,116885207.24,2025-11-04,171,111,147,-5.211598746081498,10657.0
SBET,"SharpLink Gaming, Inc.",12.225,9369108,2404574208,SBET,65716.0,2404574208,114537345.3,2025-11-04,172,114,152,-7.944996180290291,11328.0
PONY,Pony AI Inc.,16.58,6873413,5890750464,PONY,48632.0,5890750464,113961187.53999999,2025-11-04,173,155,174,-10.146898803046781,11572.0
FHN,First Horizon Corporation,21.275,5276100,10637499392,FHN,38473.0,10637499392,112249027.49999999,2025-11-04,174,206,193,-0.7222739981360723,5987.0
ERIC,Ericsson,9.835,11120315,32414785536,ERIC,29755.0,32414785536,109368298.025,2025-11-04,175,97,204,-4.333008763388514,10280.0
GT,The Goodyear Tire & Rubber Comp,7.41,14756206,2119604224,GT,50932.0,2119604224,109343486.46000001,2025-11-04,176,76,171,6.799709724238035,178.0
TEVA,Teva Pharmaceutical Industries ,20.25,5377519,23402528768,TEVA,61751.0,23402528768,108894759.75,2025-11-04,177,200,157,-1.9005847953216402,8473.0
ASX,"ASE Technology Holding Co., Ltd",15.555,6748679,33934796800,ASX,30542.0,33934796800,104975701.845,2025-11-04,178,156,201,-4.354539839407052,10290.0
FSM,Fortuna Mining Corp.,7.9437,13041493,2440131328,FSM,25006.0,2440131328,103597707.94409999,2025-11-04,179,88,207,-4.190997566909987,10205.0
STLA,Stellantis N.V.,9.87,10393917,28511705088,STLA,42648.0,28511705088,102587960.78999999,2025-11-04,180,105,185,-3.4735812133072446,9833.0
HST,"Host Hotels & Resorts, Inc.",15.93,6423406,11094128640,HST,43664.0,11094128640,102324857.58,2025-11-04,181,166,183,-1.0849349039057592,6983.0
BAX,Baxter International Inc.,17.895,5640823,9191248896,BAX,80466.0,9191248896,100942527.585,2025-11-04,182,189,138,-2.2240527182866616,8815.0
INFY,Infosys Limited,16.31,6098620,68941299712,INFY,44050.0,68941299712,99468492.19999999,2025-11-04,183,177,182,-0.6703229737964621,5804.0
RIG,Transocean Ltd (Switzerland),3.87,25527390,4262577152,RIG,60688.0,4262577152,98790999.3,2025-11-04,184,42,158,-2.6515151515151514,9216.0
ZETA,Zeta Global Holdings Corp.,17.05,5650618,4058595072,ZETA,69912.0,4058595072,96343036.9,2025-11-04,185,187,148,-3.5754824063564277,9889.0
IAG,Iamgold Corporation,11.0,8468566,6352415744,IAG,28998.0,6352415744,93154226.0,2025-11-04,186,123,205,-4.900260190806587,10556.0
ADT,ADT Inc.,8.14,11409583,6675456512,ADT,34656.0,6675456512,92874005.62,2025-11-04,187,94,195,-7.679180887372001,11292.0
ITUB,Itau Unibanco Banco Holding SA,7.4053,12189621,73632497664,ITUB,23497.0,73632497664,90267800.39130001,2025-11-04,188,92,210,-0.8032128514056172,6221.0
PL,Planet Labs PBC,13.155,6656064,4050727168,PL,54083.0,4050727168,87560521.92,2025-11-04,189,159,166,-1.781652767247911,8313.0
VLY,Valley National Bancorp,10.7387,8035945,6022095360,VLY,39644.0,6022095360,86295602.5715,2025-11-04,190,125,190,-1.9652650822669093,8562.0
WRD,WERIDE INC.,9.499,8941379,2971180288,WRD,42762.0,2971180288,84934159.121,2025-11-04,191,120,184,-13.256880733944957,11725.0
CVE,Cenovus Energy Inc,16.65,5083794,29142833152,CVE,39993.0,29142833152,84645170.1,2025-11-04,192,218,189,-2.582159624413132,9155.0
UEC,Uranium Energy Corp.,13.285,6203252,6418609664,UEC,78736.0,6418609664,82410202.82000001,2025-11-04,193,174,139,-6.428571428571431,11038.0
LCID,"Lucid Group, Inc.",16.42,5017882,5045865984,LCID,97374.0,5045865984,82393622.44000001,2025-11-04,194,219,120,-1.5324519230769171,7921.0
AES,The AES Corporation,13.4499,5811930,9576994816,AES,53688.0,9576994816,78169877.307,2025-11-04,195,183,167,-1.431718061673998,7765.0
FUBO,fuboTV Inc.,3.685,20310817,4755769344,FUBO,106169.0,4755769344,74845360.645,2025-11-04,196,54,112,5.780346820809254,215.0
RITM,Rithm Capital Corp.,10.94,6402827,6062911488,RITM,30979.0,6062911488,70046927.38,2025-11-04,197,167,199,-1.2195121951219492,7327.0
AUR,"Aurora Innovation, Inc.",4.62,14739753,8941413376,AUR,52883.0,8941413376,68097658.86,2025-11-04,198,77,169,-9.306930693069303,11494.0
CNH,CNH Industrial N.V.,10.325,6430680,12914717696,CNH,40838.0,12914717696,66396770.99999999,2025-11-04,199,165,187,-0.6724303554274763,5810.0
PR,Permian Resources Corporation,12.365,5337937,10411410432,PR,47577.0,10411410432,66003591.005,2025-11-04,200,202,177,-2.22045995241871,8809.0
EQX,Equinox Gold Corp.,10.445,6207764,8204431360,EQX,30855.0,8204431360,64840094.980000004,2025-11-04,201,173,200,-4.193548387096775,10208.0
NXE,Nexgen Energy Ltd.,8.765,7284610,5751237632,NXE,36020.0,5751237632,63849606.650000006,2025-11-04,202,147,194,-5.196936542669599,10655.0
GTM,ZoomInfo Technologies Inc.,11.6,5437297,3696117248,GTM,95551.0,3696117248,63072645.199999996,2025-11-04,203,199,123,-1.5677966101694956,7972.0
AVTR,"Avantor, Inc.",11.575,5093138,7892006912,AVTR,56410.0,7892006912,58953072.349999994,2025-11-04,204,217,161,-1.0702054794520548,6946.0
HLN,Haleon plc,9.305,6312288,41434578944,HLN,24351.0,41434578944,58735839.839999996,2025-11-04,205,170,209,-0.7995735607676019,6209.0
EXK,Endeavour Silver Corporation,7.655,7615867,2221260800,EXK,27663.0,2221260800,58299461.885000005,2025-11-04,206,133,206,-6.61764705882353,11089.0
CX,"Cemex, S.A.B. de C.V. Sponsored",10.115,5253354,14698587136,CX,22172.0,14698587136,53137675.71,2025-11-04,207,209,211,-0.2955665024630654,4636.0
FOLD,"Amicus Therapeutics, Inc.",9.17,5261282,2826554880,FOLD,41724.0,2826554880,48245955.94,2025-11-04,208,207,186,4.627539503386006,264.0
BBD,Banco Bradesco Sa,3.405,13604089,32592713728,BBD,24546.0,32592713728,46321923.044999994,2025-11-04,209,83,208,-1.4405797101449296,7774.0
CRGY,Crescent Energy Company,8.205,5596238,2089247616,CRGY,47134.0,2089247616,45917132.79,2025-11-04,210,192,178,-4.156908665105371,10181.0
BB,BlackBerry Limited,4.69,8961273,2777820928,BB,16161.0,2777820928,42028370.370000005,2025-11-04,211,119,213,-2.7083333333333313,9277.0
PTON,"Peloton Interactive, Inc.",6.99,5377272,2918977280,PTON,38723.0,2918977280,37587131.28,2025-11-04,212,201,192,-3.920220082530939,10071.0
ABEV,Ambev S.A.,2.385,15726047,37350313984,ABEV,31186.0,37350313984,37506622.095,2025-11-04,213,71,198,1.497872340425537,657.0
MPW,"Medical Properties Trust, Inc.",4.92,7211358,2957589248,MPW,30122.0,2957589248,35479881.36,2025-11-04,214,149,202,-3.4381139489194465,9806.0
PTEN,"Patterson-UTI Energy, Inc.",6.0445,5630260,2292328192,PTEN,29879.0,2292328192,34032106.57,2025-11-04,215,190,203,-6.171875000000007,10965.0
LYG,Lloyds Banking Group Plc,4.635,5173282,68380495872,LYG,10436.0,68380495872,23978162.07,2025-11-04,216,212,216,-2.320675105485239,8913.0
GGB,Gerdau S.A.,3.42,6951479,6483592192,GGB,14247.0,6483592192,23774058.18,2025-11-04,217,154,215,-1.7241379310344844,8226.0
IBRX,"ImmunityBio, Inc.",2.125,5885349,2093051008,IBRX,20587.0,2093051008,12506366.625,2025-11-04,218,180,212,-6.415929203539806,11033.0
IQ,"iQIYI, Inc.",2.2,5454427,2118509568,IQ,15915.0,2118509568,11999739.4,2025-11-04,219,197,214,-2.8888888888888866,9435.0
